respondent,bususefrequency,age,gender,bicycleuse,bikeuse,caruse,bususe,walking,BT1,BT2,BT3,BT4,BT5,BT6,BT7,BD1,BD2,BD3,BD4,BCM1,BCM2,BCM3,BCM4,BTER1,BTER2,BTER3,BTER4,BTER5,EMP1,EMP2,EMP3,EMP4,EMP5,CS1,CS2,CS3,PV1,PV2,PV3,WOM1,WOM2,WOM3,EP1,EP2,EP3,EP4,SQcomparison,LS1,LS2,LS3,LS4,LS5,weather
1,4,26,0,1,1,1,5,4,5,5,4,6,6,6,7,6,6,6,6,4,4,4,5,4,4,3,3,5,4,4,3,3,2,4,4,4,4,4,4,3,3,3,4,4,4,4,2,1,1,2,2,2,November
2,1,24,1,5,1,2,2,2,4,5,4,4,4,4,4,4,4,5,4,6,5,5,5,4,3,3,4,3,4,4,4,4,4,3,3,3,3,3,1,1,2,2,5,5,5,5,3,4,4,4,4,4,November
3,1,22,0,3,1,1,1,5,3,3,2,2,3,3,2,3,3,3,3,2,2,3,3,3,3,3,3,4,4,3,3,2,3,4,3,3,3,3,3,3,3,2,3,2,2,2,2,4,4,4,4,3,November
4,4,33,1,1,1,3,5,4,7,7,7,7,7,7,7,4,4,5,4,3,4,4,4,5,6,5,5,5,3,5,4,3,3,5,5,4,3,1,3,4,4,5,5,5,6,6,3,3,3,4,3,2,November
5,1,23,0,1,1,5,1,3,6,5,6,7,6,7,5,4,6,5,5,6,5,5,6,3,6,4,5,4,6,3,3,4,5,4,5,4,3,2,1,2,2,1,2,5,4,1,2,5,6,6,6,6,November
6,4,23,0,3,1,1,5,3,5,5,3,5,5,6,4,5,5,4,4,6,2,4,4,3,3,4,5,7,2,5,3,3,5,3,3,3,5,5,7,3,3,3,2,3,3,3,1,3,4,5,3,4,November
7,1,25,0,1,1,4,2,5,5,6,7,5,5,4,4,3,3,2,3,1,3,3,4,3,3,4,5,6,5,3,5,5,5,4,3,4,3,3,3,2,4,2,6,5,5,6,2,3,3,5,3,5,November
8,1,23,0,1,1,1,1,5,4,4,4,4,3,3,3,4,4,4,3,3,3,2,3,3,3,2,3,3,3,3,3,3,4,3,3,3,3,3,3,2,3,2,7,7,7,5,2,5,4,4,4,7,November
9,4,22,0,1,1,4,5,2,5,5,6,6,7,7,6,5,6,4,5,7,5,3,5,6,7,7,7,6,2,4,4,3,5,7,7,7,4,4,6,3,5,2,6,6,6,6,3,5,5,5,2,3,November
10,1,25,1,1,1,5,2,4,4,4,4,4,4,4,3,4,4,4,4,5,3,3,3,3,6,3,4,6,2,4,3,4,3,4,4,4,3,3,3,3,3,3,5,5,5,5,2,4,4,4,4,4,November
11,2,23,1,4,1,1,4,4,5,5,4,3,4,5,5,3,6,3,5,6,4,1,1,4,1,1,1,3,2,1,1,2,2,4,4,4,3,3,3,1,1,1,6,3,2,4,3,5,5,5,5,5,November
12,3,21,0,3,1,1,3,5,5,4,4,4,5,6,6,5,5,5,5,7,6,6,6,3,7,4,4,7,6,7,7,5,5,4,4,5,5,5,5,6,6,2,6,6,5,5,3,4,5,7,5,4,November
13,4,23,0,3,1,1,4,3,7,5,4,5,6,5,4,6,6,6,4,6,5,4,4,5,6,4,3,5,2,5,1,4,5,5,5,5,4,3,5,5,5,5,6,6,7,7,3,5,6,6,5,6,November
14,1,23,1,5,1,3,2,5,6,4,5,5,5,4,5,5,5,5,4,3,3,1,1,5,1,1,2,2,4,3,3,4,2,1,1,1,1,1,1,1,1,1,7,6,6,1,2,5,4,7,4,1,November
15,1,24,0,5,1,1,2,4,4,5,6,3,4,6,6,5,5,5,6,4,5,4,4,5,4,4,5,6,6,6,5,4,5,5,5,5,5,5,6,3,5,4,7,7,6,7,3,5,5,5,5,5,November
16,3,23,1,5,1,2,4,3,3,3,4,5,4,3,3,4,2,4,6,6,4,4,4,1,7,3,7,7,7,6,6,5,4,4,4,3,1,1,1,2,2,2,3,3,3,6,1,6,6,6,6,6,November
17,1,22,1,4,1,2,1,5,3,3,4,5,4,5,5,4,6,3,5,2,4,4,4,1,1,3,1,2,3,1,1,1,1,1,1,1,3,3,3,3,3,3,4,3,4,5,2,4,5,4,3,3,November
18,1,24,0,4,1,2,2,3,6,6,6,6,5,6,6,6,5,6,6,7,6,6,6,6,7,6,6,6,7,7,6,6,7,6,6,6,6,7,6,6,6,7,6,6,6,6,3,6,6,6,6,6,November
19,3,22,1,1,1,1,3,3,3,2,5,4,3,4,4,3,3,2,4,4,4,4,4,4,5,4,4,5,5,5,4,4,3,4,4,4,5,5,5,4,4,4,7,7,6,6,3,4,5,5,6,5,November
20,4,26,0,1,1,5,5,4,6,4,2,6,3,7,7,4,6,7,6,7,7,7,7,5,6,6,6,3,3,7,7,6,6,6,6,5,3,3,2,5,5,5,3,4,4,4,3,5,5,6,6,6,November
21,1,24,0,5,1,3,3,3,5,5,4,4,4,4,4,6,6,5,4,5,4,4,4,5,6,3,6,6,2,5,5,4,6,4,4,4,3,3,2,2,4,4,6,6,4,5,2,5,4,6,6,6,November
22,3,22,1,4,1,1,4,5,4,4,2,4,4,7,7,4,6,5,5,7,4,3,3,5,2,5,5,6,3,1,2,2,2,3,3,3,3,1,2,1,1,1,3,3,3,3,2,6,6,6,6,6,November
23,4,25,0,5,1,1,5,5,7,7,7,7,7,6,7,7,7,7,7,7,7,4,7,7,7,7,7,1,3,7,3,3,3,7,7,7,4,4,4,7,7,1,7,7,7,7,2,4,4,4,4,4,November
24,2,22,1,4,1,1,3,5,6,6,6,6,6,6,6,6,6,3,4,3,4,4,4,4,2,3,3,4,4,3,2,4,4,3,3,3,3,2,4,1,4,2,5,5,5,4,3,3,4,3,4,3,November
25,4,25,1,1,1,3,5,3,2,6,4,3,4,4,5,1,4,1,4,7,4,4,4,4,5,4,3,2,1,2,1,1,5,4,4,4,1,1,1,1,4,1,5,4,4,4,2,7,7,7,7,7,November
26,2,23,1,5,1,1,2,2,5,5,5,4,6,4,5,5,5,4,3,6,4,3,4,5,4,3,3,4,4,5,4,4,3,4,4,4,2,2,4,3,3,3,5,4,5,4,3,4,4,3,6,4,November
27,1,22,0,1,1,3,3,4,7,4,3,7,6,7,5,6,7,5,5,7,5,4,6,5,7,6,7,7,5,6,6,6,4,5,5,5,5,5,7,5,5,6,6,6,5,6,2,4,5,4,3,2,November
28,4,24,0,1,1,1,5,4,3,4,1,4,5,4,5,2,5,5,4,3,4,4,4,4,4,5,5,6,5,5,6,4,5,4,4,4,6,6,6,4,6,6,5,5,4,5,2,3,4,5,3,4,November
29,1,23,0,2,1,5,1,2,4,4,4,4,4,4,4,4,4,4,4,4,4,4,4,4,4,4,4,4,3,4,4,4,4,4,4,4,2,4,4,4,5,5,6,6,6,6,3,6,6,6,6,5,November
30,4,23,0,1,1,3,3,3,6,6,2,5,5,4,6,4,6,4,4,5,5,4,4,5,6,3,4,4,1,3,2,3,4,4,4,4,4,5,4,4,4,3,5,4,2,3,2,6,6,6,5,6,November
31,1,26,1,1,1,5,1,3,5,7,5,4,3,7,6,6,6,4,3,7,3,3,3,3,7,1,6,4,3,5,6,2,3,4,4,4,3,3,1,1,1,1,5,5,5,5,3,6,6,7,6,6,November
32,4,23,1,1,1,1,5,5,4,6,4,6,6,5,4,6,6,6,6,6,5,5,5,3,4,2,5,6,6,6,6,5,5,4,3,3,4,4,6,5,5,3,5,5,5,5,3,6,5,5,5,5,November
33,4,25,0,3,1,1,4,3,5,6,5,6,3,2,3,5,6,4,4,3,4,2,4,5,2,3,4,7,3,5,5,2,6,4,4,3,5,5,6,2,5,3,5,5,5,6,3,5,5,6,6,3,November
34,4,25,0,1,1,4,5,1,4,6,4,5,5,7,6,6,7,5,4,7,5,4,4,5,7,3,5,6,6,5,6,4,6,4,4,4,6,7,7,4,4,4,4,4,4,4,2,5,5,7,7,4,November
35,4,24,0,1,1,2,5,3,7,7,3,5,6,6,7,3,7,4,5,6,5,4,4,5,3,4,7,7,6,7,7,3,5,5,5,5,6,4,4,4,5,4,5,5,5,7,1,5,6,7,6,7,November
36,1,23,1,4,1,4,3,5,5,5,5,5,5,6,6,4,4,4,4,4,4,4,4,4,4,4,4,4,1,1,1,1,1,1,1,1,1,1,1,1,1,1,6,5,5,5,2,7,7,7,7,7,November
37,2,22,0,2,1,1,2,5,6,4,4,5,5,6,6,5,6,6,5,6,5,5,4,6,7,5,7,7,4,6,1,4,6,4,4,4,5,5,5,4,4,4,5,5,5,5,2,5,5,5,5,5,November
38,4,23,0,1,1,1,3,4,6,6,5,3,3,6,4,6,7,6,4,4,5,4,4,6,5,3,5,5,5,6,2,4,6,4,5,5,6,6,7,5,6,3,7,7,7,5,3,5,6,6,5,7,November
39,1,34,1,1,1,4,1,2,5,5,4,5,4,4,4,5,4,4,4,4,4,4,4,5,5,2,5,4,5,4,4,4,4,4,4,4,3,4,2,4,4,4,4,3,4,4,2,6,6,6,5,6,November
40,1,24,0,2,1,1,2,5,4,6,5,5,5,7,7,4,7,7,6,6,6,6,6,6,7,6,7,6,5,6,5,5,6,5,5,5,5,5,6,6,4,4,6,6,6,6,3,5,5,5,5,5,November
41,2,23,1,4,1,3,3,4,3,5,4,4,4,5,5,3,4,5,4,7,4,4,4,4,1,1,1,4,3,4,3,4,4,5,5,7,3,3,3,4,5,4,5,5,5,5,3,5,5,5,5,4,November
42,1,23,0,3,1,5,3,2,1,4,2,3,5,7,6,6,6,2,5,7,6,4,5,3,4,5,2,2,2,5,4,5,5,3,2,2,2,2,1,1,1,1,2,4,3,5,2,5,6,6,6,6,November
43,1,25,1,4,1,4,3,3,5,6,6,6,5,7,7,6,4,5,5,7,6,6,6,5,4,5,5,6,6,5,3,4,5,4,4,4,5,5,3,4,4,4,6,6,6,6,2,6,6,6,6,6,November
44,4,25,0,4,1,1,5,4,7,7,6,6,6,6,7,5,6,4,4,1,3,4,6,5,2,2,3,3,2,1,1,4,4,2,2,2,1,1,1,1,1,1,6,6,6,3,2,5,5,5,5,1,November
45,1,26,0,1,1,5,2,3,3,3,6,5,4,5,6,3,6,5,5,4,5,4,5,3,6,6,4,4,1,3,4,3,4,3,4,2,1,1,1,1,1,1,7,7,7,5,3,4,4,4,3,5,November
46,4,30,1,1,1,3,5,2,6,5,5,7,6,7,7,7,7,6,7,7,7,7,7,7,7,7,7,7,7,7,7,6,6,6,6,6,7,7,7,5,5,5,7,7,7,7,3,6,7,7,7,7,November
47,4,32,1,5,1,1,5,5,6,6,4,6,2,6,6,4,4,3,2,6,1,1,1,4,1,1,1,2,1,5,3,1,4,4,4,4,4,4,4,4,4,1,5,5,5,5,3,6,6,6,6,4,November
48,4,26,0,2,1,1,3,5,4,5,4,4,3,4,5,6,6,4,4,6,1,3,4,4,3,5,4,5,2,3,4,1,3,2,1,1,3,3,1,1,1,1,6,6,6,6,2,4,5,7,6,5,November
49,1,22,0,1,1,2,1,2,4,4,5,4,3,2,3,4,4,4,3,3,2,2,2,2,2,2,3,3,3,3,3,3,3,4,4,4,4,4,4,4,4,4,3,3,3,3,3,4,5,5,5,6,November
50,4,22,1,1,1,1,5,5,6,6,6,6,4,2,5,1,2,3,1,6,1,1,2,6,2,2,2,5,6,6,3,5,4,4,4,4,1,1,2,1,3,3,6,6,6,6,2,6,5,4,7,7,November
51,4,21,1,1,1,1,5,5,6,6,7,4,4,6,6,1,3,3,2,2,3,2,2,5,5,5,5,6,6,6,3,3,2,4,4,5,5,2,3,3,3,3,6,6,7,7,3,6,6,7,7,5,November
52,4,20,1,1,1,2,5,4,5,5,6,6,5,5,5,4,5,4,4,4,4,4,4,4,5,3,3,3,4,5,3,4,4,4,5,5,4,4,4,3,3,4,6,6,6,6,3,5,5,5,5,5,November
53,1,20,1,1,1,4,1,3,3,4,3,4,3,4,3,2,2,3,3,3,3,3,3,1,2,2,3,4,4,3,4,2,2,3,3,3,2,2,2,4,2,4,4,2,4,3,2,5,4,6,7,7,November
54,1,21,0,2,1,2,3,5,2,4,6,5,3,4,6,5,5,1,4,6,4,5,6,5,5,1,3,5,5,4,2,1,5,4,4,4,3,3,3,1,4,2,5,6,6,5,2,4,4,4,4,2,November
55,1,22,0,1,1,3,2,5,7,5,7,7,6,7,6,5,4,3,6,6,5,4,4,3,3,3,2,7,3,6,5,5,5,5,5,4,2,3,4,4,4,4,7,7,7,7,3,6,7,7,7,6,November
56,1,19,1,1,1,5,2,2,4,3,3,3,4,4,4,4,4,4,4,5,4,4,3,4,4,4,4,4,3,4,3,3,3,4,4,4,4,3,3,3,3,3,5,3,4,4,3,4,4,4,5,5,November
57,1,20,0,1,1,5,2,3,5,5,3,1,3,7,5,2,6,3,5,7,5,3,5,4,5,2,4,6,6,3,5,2,3,3,4,6,1,4,3,4,5,5,6,4,5,5,3,6,5,6,6,5,November
58,4,20,1,1,1,1,5,3,6,5,5,5,5,6,6,5,5,4,4,4,3,4,5,3,2,2,4,5,4,5,2,2,4,4,4,5,2,2,2,4,3,3,6,6,6,6,3,5,5,5,4,6,November
59,1,22,1,1,1,2,2,5,6,6,6,6,6,6,6,5,6,6,6,3,5,4,5,5,6,5,6,5,1,3,2,4,5,4,4,5,4,4,3,1,2,1,6,6,6,6,3,6,6,6,6,6,November
60,1,20,1,1,2,3,2,3,2,2,2,2,2,2,2,1,1,2,2,3,4,4,4,5,5,5,5,5,6,6,1,2,2,4,4,4,2,1,1,4,4,4,5,5,5,5,2,7,5,6,6,6,November
61,1,22,0,1,1,4,2,3,4,6,5,6,5,4,5,5,1,1,6,4,3,3,3,4,5,5,5,5,2,5,2,3,6,5,4,5,3,2,3,3,4,3,4,3,4,3,2,4,6,5,6,4,November
62,4,24,0,2,2,3,4,3,5,4,6,4,6,5,5,3,2,3,5,6,6,3,5,2,7,2,5,7,3,4,2,2,4,4,4,5,4,4,3,1,2,2,6,6,6,6,3,2,3,3,4,4,November
63,4,21,0,5,5,5,5,5,7,7,7,7,7,7,5,1,7,3,7,1,4,4,4,2,6,4,4,4,5,4,4,4,1,4,4,4,5,4,6,3,3,4,5,4,4,4,1,6,6,6,6,6,November
64,1,22,0,5,1,1,3,4,4,6,5,5,3,5,5,7,5,6,7,6,4,5,6,5,6,4,4,5,7,6,5,6,6,6,6,6,5,4,5,5,5,5,6,6,6,6,3,6,6,6,6,5,November
65,2,21,0,1,1,5,2,2,5,5,5,5,5,5,5,6,6,5,5,6,6,6,6,5,5,5,5,5,5,5,5,5,5,2,4,4,1,1,1,3,3,1,5,5,5,3,2,5,5,5,3,2,November
66,3,23,0,2,1,2,4,3,5,6,5,5,5,5,5,5,5,5,5,4,4,4,4,5,6,4,5,5,5,4,1,3,4,5,5,4,4,4,4,4,5,5,4,4,4,4,3,4,4,6,6,3,November
67,1,20,1,4,1,1,2,4,4,4,1,3,3,3,3,3,3,3,3,4,3,3,3,3,3,2,3,3,2,3,3,3,3,3,3,3,3,3,3,3,3,3,3,3,3,3,3,4,4,4,4,4,November
68,4,21,0,2,2,1,4,4,5,5,1,6,4,6,5,1,3,3,6,7,4,4,4,4,7,4,5,7,7,7,7,7,7,3,3,3,4,3,7,4,5,6,6,6,6,6,3,4,6,6,2,5,November
69,3,25,0,4,1,3,3,5,7,6,5,6,5,6,7,7,7,7,7,3,4,4,6,6,7,7,6,7,6,7,5,5,7,7,7,7,3,2,2,3,4,1,5,5,7,6,3,7,7,7,7,5,November
70,1,21,1,5,1,3,2,2,5,6,6,6,6,4,6,4,5,5,4,6,4,4,4,7,7,5,5,6,6,4,6,5,5,4,4,4,3,3,3,4,4,4,5,5,5,5,3,5,6,6,6,5,November
71,4,23,0,1,1,4,4,2,5,6,4,4,4,6,5,6,4,5,4,3,3,3,5,5,5,4,3,4,3,3,1,3,5,4,4,4,2,2,3,2,4,3,5,5,5,5,3,6,6,6,6,7,November
72,1,21,1,5,1,1,2,3,6,6,6,6,6,6,6,2,3,3,2,3,3,3,3,2,3,2,2,2,3,3,3,3,5,4,4,5,4,3,5,3,5,5,6,6,6,6,3,6,7,7,7,6,November
73,1,24,0,5,1,4,2,3,6,6,6,6,6,4,5,7,6,6,5,1,2,2,1,3,6,6,6,6,7,6,7,6,6,5,5,5,2,3,3,2,3,2,5,4,4,4,2,5,5,6,5,5,November
74,1,23,1,1,1,1,3,5,5,5,4,3,3,3,3,4,5,4,3,5,3,3,3,3,6,3,5,5,3,5,4,3,3,5,4,6,5,6,6,3,7,4,5,5,4,7,1,5,5,5,4,4,November
75,4,28,1,1,1,3,5,3,6,5,6,5,7,6,7,4,6,5,6,4,4,4,6,2,5,4,6,7,6,5,2,4,5,5,5,6,6,6,7,5,7,6,7,7,7,7,3,5,5,6,6,6,November
76,1,23,0,3,1,4,2,4,5,5,4,4,4,6,5,5,5,4,5,7,6,4,6,5,7,4,5,5,2,6,5,4,2,5,5,5,5,6,2,4,4,4,5,5,6,6,3,5,5,6,6,7,November
77,3,22,1,1,4,4,3,2,5,6,5,4,7,7,6,6,6,6,6,7,7,5,5,6,6,6,7,5,6,6,6,6,6,5,5,5,6,6,5,5,5,4,6,6,6,6,2,4,5,6,6,6,November
78,1,31,0,5,2,4,2,4,3,3,4,3,4,3,5,4,5,3,3,5,5,6,6,7,6,6,5,6,6,5,5,6,5,6,5,5,5,6,4,4,3,5,3,4,3,5,1,6,6,7,6,7,November
79,1,24,0,5,1,1,2,3,5,5,5,4,4,5,3,6,5,4,4,6,4,4,4,3,6,3,2,5,5,5,2,4,4,5,5,4,5,5,2,4,4,4,6,6,5,7,3,4,6,6,6,5,November
80,1,21,1,2,1,4,1,5,5,6,2,3,4,2,4,3,2,3,4,2,4,3,3,3,3,3,3,3,4,3,5,4,4,1,3,2,3,2,3,2,2,3,3,3,3,3,3,4,4,4,4,4,November
81,4,20,1,1,1,1,5,5,5,5,6,5,5,6,6,6,5,6,5,3,3,5,2,6,6,6,6,6,1,2,3,4,5,3,3,3,5,4,3,3,4,5,5,5,6,4,3,4,5,4,5,4,November
82,2,21,1,3,1,1,2,3,2,5,6,4,4,5,4,4,4,2,4,7,2,5,4,3,7,7,7,7,3,5,1,3,4,5,6,6,3,2,1,3,3,3,7,7,7,6,3,5,5,5,3,3,November
83,1,22,0,5,1,1,2,4,4,4,6,2,6,6,5,2,5,3,4,4,2,4,4,2,5,5,4,4,2,5,2,4,3,4,4,4,3,2,1,4,3,2,5,5,4,3,2,5,5,5,5,5,November
84,3,20,1,2,1,1,5,5,4,4,4,3,4,5,5,3,4,3,4,5,4,4,4,5,6,6,7,7,5,5,5,4,5,6,6,6,5,4,5,4,5,4,4,4,4,4,2,5,5,5,5,4,November
85,3,23,0,1,1,1,4,4,6,6,6,6,6,5,6,5,5,5,5,6,6,5,5,6,6,6,6,6,5,5,5,6,6,6,5,5,5,4,5,5,5,6,5,6,5,5,3,6,6,5,5,5,November
86,1,21,1,1,1,2,2,5,6,6,5,6,5,6,6,6,5,6,6,6,6,5,6,5,7,7,7,5,5,6,7,6,6,6,6,6,6,6,6,5,6,6,5,5,4,4,2,5,5,6,5,5,November
87,4,22,1,1,1,1,5,4,6,6,6,6,6,6,6,4,4,6,4,4,4,3,2,3,7,4,3,7,7,5,2,4,4,6,5,5,5,4,5,6,6,6,7,7,5,6,3,5,5,5,5,5,November
88,4,20,1,1,1,2,5,5,6,6,6,6,6,6,6,6,7,6,6,6,6,6,6,6,6,6,6,6,6,6,6,4,5,6,6,6,6,6,6,7,6,6,6,6,6,6,3,6,6,6,7,6,November
89,4,21,0,4,1,1,4,5,6,6,2,4,1,3,2,1,2,3,2,6,4,3,2,2,3,3,1,5,1,1,1,1,2,1,2,1,5,3,2,1,1,1,6,6,4,4,3,5,6,6,7,6,November
90,1,22,1,2,1,5,2,4,3,3,3,3,3,3,3,3,4,4,3,4,4,4,2,2,4,3,2,3,3,2,2,3,3,4,3,3,2,3,3,3,3,3,4,4,4,4,3,3,3,3,3,3,November
91,1,29,0,1,5,5,1,2,3,4,3,3,3,4,7,3,7,3,7,2,4,4,4,2,7,4,4,4,3,1,1,4,3,3,3,3,2,3,1,1,1,1,4,4,4,4,2,4,4,4,4,4,November
92,3,25,0,2,1,1,3,5,5,5,4,4,2,6,5,3,3,4,4,6,5,4,4,5,7,4,5,6,3,6,5,5,4,4,4,4,5,5,3,2,2,2,6,5,6,5,2,5,5,6,4,6,November
93,4,21,0,1,1,1,5,3,6,7,6,7,7,7,7,7,7,6,7,3,4,4,4,6,6,6,3,7,5,6,4,2,7,7,7,7,6,6,7,4,3,3,7,7,7,7,3,6,6,6,6,6,November
94,4,21,0,1,1,2,5,3,6,5,5,5,5,6,5,6,6,7,6,6,6,6,6,6,7,6,7,7,7,7,6,6,6,6,6,6,5,5,5,6,6,3,5,4,5,4,3,6,7,7,7,6,November
95,3,27,0,1,1,2,5,4,4,5,6,7,2,6,4,6,6,6,3,7,6,4,4,5,6,4,5,4,6,6,5,5,5,4,4,4,5,5,5,4,4,4,7,7,7,7,2,5,5,7,7,6,November
96,4,20,1,2,1,1,5,4,5,7,5,5,6,6,7,4,5,4,3,6,4,7,6,4,7,5,6,6,5,4,7,6,4,6,6,6,7,6,5,5,5,7,7,7,7,6,2,4,3,4,5,4,November
97,4,21,0,1,1,3,4,3,5,5,2,2,3,6,6,1,3,1,2,2,3,3,2,3,2,2,3,5,4,3,5,4,2,2,1,1,1,2,3,1,1,1,4,3,1,2,1,4,5,6,6,6,November
98,2,22,0,1,1,1,1,5,5,5,4,5,5,5,3,6,5,5,6,6,5,4,5,3,5,4,4,6,3,5,1,4,4,4,4,4,5,4,4,2,2,2,6,6,6,6,2,4,4,4,4,4,November
99,2,20,1,1,1,2,3,5,4,3,5,3,4,3,4,4,4,4,4,5,3,3,4,3,4,3,4,4,4,4,3,4,4,5,5,5,3,3,5,4,4,4,6,6,6,5,3,1,3,3,4,4,November
100,1,22,0,1,1,3,1,1,7,7,7,4,4,7,7,5,7,4,5,7,4,4,2,3,4,3,3,4,4,4,3,3,7,7,7,7,4,6,5,7,7,7,7,7,7,7,3,5,5,5,6,6,November
101,4,22,0,1,1,1,5,4,5,6,3,5,5,6,7,6,6,3,6,5,6,3,5,5,6,4,6,6,6,6,1,5,6,7,6,6,5,5,4,6,6,6,5,5,5,5,3,7,6,7,5,5,November
102,4,19,0,2,1,3,4,3,5,5,5,5,5,4,3,4,3,4,3,3,4,3,4,3,4,4,5,3,3,4,3,5,4,4,3,4,3,3,3,3,3,4,3,3,3,4,3,7,7,7,6,7,January
103,4,19,1,1,1,3,5,4,4,4,4,4,4,4,4,6,6,6,6,7,3,4,4,3,3,3,3,3,3,3,3,3,3,3,3,3,3,3,3,3,3,3,3,3,3,3,2,3,3,3,3,3,January
104,4,20,1,1,1,4,4,4,3,3,3,3,3,3,3,3,3,3,3,3,3,3,3,7,7,7,7,7,6,6,6,6,6,6,6,6,5,5,5,5,5,5,5,5,5,5,3,4,4,4,4,4,January
105,2,22,0,3,1,1,3,5,4,6,4,5,3,4,4,7,4,5,6,4,4,4,5,5,6,4,5,6,6,6,4,4,5,4,4,4,4,3,4,3,3,3,5,5,5,5,2,3,3,3,3,2,January
106,2,20,0,4,1,3,3,5,5,4,3,4,5,5,5,5,5,4,4,6,5,5,5,6,5,4,4,5,5,4,4,4,3,5,5,5,7,7,7,4,4,4,7,7,7,7,3,5,5,5,5,5,January
107,1,22,0,1,1,5,1,2,6,3,4,2,2,2,6,7,7,6,4,3,3,3,4,4,3,3,3,2,4,3,2,2,4,4,4,2,1,2,1,5,6,2,5,5,3,4,2,5,6,7,7,4,January
108,2,19,0,1,1,3,4,2,6,7,3,6,7,7,7,6,6,4,7,7,6,6,6,6,6,6,6,6,6,6,6,6,6,6,6,6,6,6,6,6,6,6,6,6,6,6,3,6,6,7,6,7,January
109,1,20,1,1,1,5,2,2,6,6,7,7,6,7,7,6,7,5,6,7,6,6,7,4,1,5,6,6,5,5,6,6,5,5,5,5,5,5,5,5,5,5,5,5,5,5,2,5,5,5,5,5,January
110,4,19,0,2,1,1,5,3,3,6,3,5,2,2,1,5,2,4,4,5,3,3,5,4,5,2,4,5,6,6,4,5,5,4,4,3,7,7,7,4,4,5,5,5,3,3,2,5,5,5,2,6,January
111,4,21,0,1,1,3,4,2,4,3,3,3,4,5,4,3,3,3,4,4,3,3,4,3,5,5,3,4,3,3,3,4,4,3,4,4,4,3,3,4,4,4,4,4,4,4,2,5,4,5,5,4,January
112,1,24,0,1,1,5,1,1,1,1,5,1,1,1,1,2,1,2,1,1,1,1,1,1,3,1,2,3,1,3,2,1,1,1,1,1,1,1,1,1,1,1,2,2,6,3,1,6,6,6,6,2,January
113,1,21,0,1,1,4,2,3,4,3,4,3,3,4,3,3,2,2,2,3,3,3,3,2,2,4,3,3,2,2,2,2,2,3,3,3,3,2,2,2,2,2,2,2,3,2,2,2,3,2,3,2,January
114,1,20,0,1,1,5,1,3,2,3,4,3,4,2,1,2,3,1,1,1,2,2,1,1,3,1,3,1,6,5,2,3,5,1,2,1,1,1,1,1,1,1,2,2,2,1,1,4,5,2,1,1,January
115,4,19,0,1,1,1,4,1,1,1,1,4,3,4,4,4,4,4,4,2,3,3,3,4,4,4,4,4,4,4,4,4,4,4,4,4,4,4,4,4,4,4,4,4,4,4,2,4,4,4,4,4,January
116,4,27,0,5,1,1,5,1,7,7,3,3,3,3,3,3,3,3,3,3,3,3,3,3,3,3,3,3,3,3,3,3,3,3,3,3,3,3,3,3,3,3,3,3,3,3,2,3,3,3,3,3,January
117,1,20,1,1,1,5,1,1,4,4,7,4,4,7,7,5,5,5,5,7,7,5,5,4,4,4,4,4,2,6,6,4,4,5,5,5,4,4,2,3,3,3,7,7,7,7,3,5,5,6,5,4,January
118,2,26,0,1,1,1,3,5,3,6,6,5,4,2,2,2,6,2,4,7,4,4,4,3,2,5,5,5,5,6,5,4,2,5,5,5,5,6,6,5,5,4,4,4,4,4,2,3,3,5,2,2,January
119,1,23,0,5,1,2,1,3,7,6,7,7,7,6,7,6,6,7,6,6,4,2,3,5,4,2,4,7,6,4,2,4,5,6,6,7,3,2,1,4,5,5,7,7,7,7,3,5,5,5,7,5,January
120,1,29,1,1,1,1,4,3,6,6,6,6,6,6,6,3,4,5,4,5,4,4,4,4,4,4,3,4,4,4,3,5,6,5,5,5,3,4,4,4,4,4,5,5,5,5,3,6,7,7,7,7,January
121,1,20,0,5,1,2,1,3,6,6,3,4,4,4,4,4,4,4,4,2,4,4,4,4,4,4,4,4,3,3,3,3,3,3,3,3,3,3,3,3,3,3,3,3,3,3,3,5,4,4,4,4,January
122,4,34,1,1,1,2,5,4,5,7,6,4,6,3,6,4,6,3,4,5,2,4,4,2,2,3,3,4,2,2,4,4,5,4,4,5,4,3,3,4,3,2,6,6,6,6,3,2,2,2,2,1,January
123,1,20,1,5,1,1,3,5,6,6,2,4,4,6,5,2,4,3,4,6,4,4,6,3,6,4,4,6,4,5,4,3,2,4,4,4,5,5,4,1,1,1,5,5,5,5,3,6,6,6,6,6,January
124,2,20,1,1,1,1,2,5,4,2,2,3,3,2,2,7,7,6,6,6,6,4,3,2,7,2,7,2,1,6,2,4,1,6,6,6,4,2,5,2,6,3,4,2,6,3,3,6,5,6,5,5,January
125,4,23,1,1,1,2,5,2,7,7,7,7,4,4,6,4,6,5,5,7,6,3,4,3,6,3,3,7,4,5,5,3,4,5,5,5,4,4,3,2,2,2,4,4,4,4,2,5,5,5,5,5,January
126,4,19,1,1,1,4,4,2,5,5,3,4,3,3,5,4,3,4,4,5,4,3,4,4,3,2,2,4,2,4,3,3,2,3,3,2,4,3,2,2,3,1,5,5,5,6,2,4,5,5,4,3,January
127,1,21,1,5,1,1,2,4,3,3,3,3,3,3,2,4,4,5,4,5,3,3,3,3,3,3,3,3,4,4,4,4,3,3,3,4,4,3,3,3,3,1,4,4,4,4,3,4,3,3,4,4,January
128,1,19,0,1,1,1,2,5,3,2,2,5,4,5,3,2,5,1,4,7,4,3,2,3,3,2,4,5,4,4,3,4,3,4,3,4,4,3,3,4,4,3,4,3,4,3,1,3,3,3,3,3,January
129,3,20,0,1,1,5,3,2,6,5,4,6,4,5,7,2,6,4,4,1,2,4,4,2,2,2,2,1,1,2,4,1,1,5,5,5,1,1,1,3,2,7,7,7,7,7,3,7,7,7,7,7,January
130,4,19,1,4,1,2,5,3,6,6,5,5,7,7,5,4,7,6,6,7,6,7,7,7,7,7,7,7,6,6,7,6,7,6,6,4,7,6,7,6,7,6,6,6,6,7,3,6,6,6,6,6,January
131,1,20,0,2,1,1,1,5,3,2,5,3,3,6,7,4,6,5,5,7,4,3,5,3,3,2,6,6,4,5,6,4,6,5,4,4,3,4,1,1,3,1,6,6,6,4,3,4,4,5,4,6,January
132,1,20,1,5,1,3,1,2,4,4,5,4,3,6,2,4,4,3,3,3,3,3,3,3,3,2,4,4,4,4,3,4,1,3,5,3,2,2,2,3,3,3,3,3,3,3,3,4,4,4,3,4,January
133,1,21,0,1,1,1,1,5,6,6,6,6,6,6,6,6,6,6,6,6,6,6,6,6,6,2,6,6,6,6,6,6,6,4,4,4,2,2,2,2,3,3,7,7,7,5,2,6,7,7,7,2,January
134,4,21,0,4,1,2,5,5,6,5,5,6,6,5,3,4,5,6,5,4,5,4,4,6,6,5,5,7,5,5,6,4,6,5,5,5,4,3,6,5,3,3,5,5,6,6,3,4,5,6,5,3,January
135,1,19,1,4,4,5,2,4,5,4,5,4,6,6,7,4,3,4,5,6,4,5,5,5,1,2,4,4,1,4,3,4,3,5,5,5,4,1,2,3,4,4,3,4,4,3,2,3,5,7,7,3,January
136,4,20,0,1,1,5,3,3,6,5,5,3,4,6,7,6,6,6,6,5,6,6,7,6,2,7,4,7,4,6,6,6,6,5,5,5,5,5,5,4,6,1,6,6,6,6,3,6,7,7,7,7,January
137,2,19,1,3,1,1,3,5,6,4,7,5,6,7,7,5,6,5,5,7,6,5,4,4,7,6,6,7,5,5,6,4,6,6,6,6,3,4,5,6,5,4,7,7,7,7,3,6,6,7,6,7,January
138,4,19,0,3,1,1,4,4,4,4,5,6,5,4,5,6,6,6,5,5,4,5,4,3,3,3,3,3,5,5,4,4,3,4,4,4,4,5,6,5,5,5,5,5,5,5,3,5,5,5,5,4,January
139,1,20,0,5,1,1,2,2,6,6,5,5,4,6,6,6,7,4,4,6,4,2,3,2,5,5,6,3,5,6,2,2,5,6,6,6,6,5,1,3,5,1,7,6,7,2,3,6,6,7,7,6,January
140,1,19,0,1,1,5,2,3,4,3,6,6,3,4,6,6,6,6,6,6,6,6,6,5,7,3,6,6,5,6,6,6,6,6,6,6,4,4,2,6,6,6,7,7,7,7,3,5,7,7,5,6,January
141,4,20,1,3,1,1,5,4,5,6,7,7,6,6,5,6,5,5,5,7,6,5,5,5,4,5,5,4,5,6,4,6,4,7,7,7,6,4,6,4,7,7,7,7,7,7,3,5,7,7,6,4,January
142,3,22,1,1,1,4,3,4,6,6,4,5,5,7,7,6,6,5,4,7,7,5,5,6,7,4,4,7,6,4,6,5,6,6,6,6,5,4,5,4,5,5,6,6,6,6,2,5,5,5,5,5,January
143,2,21,1,5,1,1,3,5,7,7,7,5,4,6,3,5,5,6,4,4,5,5,5,5,5,2,5,3,5,5,3,4,2,4,4,4,4,5,2,5,5,5,5,5,6,7,1,6,5,6,4,2,January
144,2,19,1,1,1,1,4,5,7,7,7,7,7,7,7,6,7,4,7,3,4,5,5,7,7,4,4,5,6,6,6,6,6,6,5,6,5,5,6,6,5,6,7,7,7,7,3,6,6,6,6,6,January
145,4,22,1,1,1,2,5,5,6,6,4,4,6,4,3,4,5,4,4,5,4,3,5,5,7,5,5,6,6,6,6,4,2,5,5,6,5,6,6,5,6,6,6,6,6,6,2,5,5,5,5,5,January
146,4,23,0,1,1,1,3,5,5,4,4,5,3,6,4,5,5,7,5,5,5,5,4,5,3,5,6,5,5,5,4,4,5,5,5,6,5,5,6,5,4,1,5,5,5,5,3,5,7,7,4,5,January
147,4,19,1,3,1,1,5,4,6,6,4,4,4,3,6,4,7,6,5,5,3,4,6,6,5,4,4,1,3,4,3,3,3,3,3,4,2,1,4,3,4,4,3,3,3,3,2,3,3,4,5,5,January
148,1,19,1,1,1,1,3,3,6,6,6,6,5,6,3,6,7,5,3,3,1,1,3,6,5,5,5,6,3,4,4,2,4,5,4,6,2,2,5,1,5,1,6,6,5,5,3,2,2,4,1,2,January
149,4,22,0,1,1,2,4,2,4,3,3,7,4,6,4,4,6,3,4,1,4,4,1,6,4,1,4,2,1,4,6,2,4,5,5,4,5,3,3,5,3,4,3,3,7,4,3,6,7,7,7,7,January
150,4,21,1,1,1,1,4,5,4,2,5,4,3,4,2,3,3,2,2,3,2,3,4,5,5,1,4,6,3,3,5,1,2,3,3,3,2,2,4,4,4,3,6,5,2,4,2,4,4,4,4,4,January
151,1,26,1,1,1,4,1,3,6,6,6,6,6,6,6,6,6,6,6,7,5,6,6,5,7,5,6,6,5,6,5,5,5,5,5,5,5,4,1,4,4,2,7,7,7,7,2,6,6,6,5,5,January
152,4,21,0,1,1,1,5,3,4,4,2,2,3,4,3,5,6,4,5,6,5,4,6,5,6,5,6,7,7,7,5,6,5,6,5,6,4,3,6,4,4,4,6,5,4,4,2,5,6,7,6,6,January
153,4,19,1,1,1,3,5,5,3,3,3,7,1,5,1,7,7,7,7,7,7,7,7,7,7,7,7,7,7,7,7,7,7,3,4,6,3,4,4,3,3,3,4,3,4,3,2,2,3,4,3,3,January
154,4,19,1,2,4,4,5,5,5,5,4,4,4,4,4,5,5,5,5,6,5,4,4,6,6,6,6,6,5,4,4,4,4,4,4,4,6,6,6,6,5,6,6,6,6,6,3,5,5,5,5,5,January
155,4,19,1,2,1,2,3,2,4,3,6,3,3,5,6,3,4,3,4,4,4,3,3,3,3,1,3,2,3,2,4,3,4,4,3,3,4,2,1,5,3,4,4,4,4,3,2,4,4,6,2,5,January
156,4,22,0,1,1,3,3,1,5,5,4,6,5,7,6,4,6,6,5,6,5,4,4,4,5,5,5,6,5,5,5,3,6,5,5,6,3,3,5,3,5,4,3,5,4,4,2,4,5,4,4,2,January
157,1,19,1,1,1,4,2,4,5,5,5,5,5,7,7,6,5,6,6,6,6,6,6,5,1,3,4,4,3,5,2,2,3,4,3,3,2,2,2,4,4,4,4,5,5,5,3,5,5,7,5,5,January
158,2,19,1,2,1,1,3,5,5,4,5,5,7,5,6,7,7,6,7,7,7,6,7,5,6,5,6,7,6,6,6,6,6,6,6,6,2,1,2,4,5,4,5,5,5,5,2,4,7,5,7,1,January
159,3,20,0,5,1,2,2,2,5,4,6,6,6,6,4,6,6,5,6,5,5,4,4,4,7,4,5,5,5,5,4,5,5,5,5,5,1,1,1,2,2,2,7,7,7,7,3,5,5,6,4,5,January
160,4,20,0,1,1,2,3,4,5,5,4,5,5,6,7,5,5,4,4,6,4,4,4,4,7,4,5,7,4,5,2,4,5,5,5,5,5,5,7,4,7,7,4,4,4,4,3,4,4,5,5,5,January
161,1,23,1,5,1,5,2,5,7,7,6,6,6,6,7,5,6,4,6,7,6,6,5,7,6,5,5,6,6,5,6,5,6,7,7,7,4,4,3,6,5,5,4,5,5,5,3,5,7,7,7,7,January
162,4,19,1,1,1,4,4,3,5,5,4,4,4,6,5,4,5,5,5,7,4,5,5,5,3,4,5,6,5,5,5,4,6,4,4,4,4,4,5,4,5,4,6,5,5,4,3,2,2,2,3,2,January
163,1,21,1,1,1,5,1,3,6,6,6,6,6,6,6,5,6,6,6,7,7,6,6,4,7,4,5,7,4,3,2,4,4,5,6,6,7,7,7,4,4,1,5,5,5,5,3,6,6,6,5,4,January
164,4,20,1,1,1,1,5,4,5,6,5,6,5,6,5,7,6,7,7,6,6,5,5,6,6,6,7,7,7,5,7,6,7,6,6,2,5,5,4,6,6,6,6,6,6,6,3,6,5,5,5,4,January
165,1,19,1,1,1,5,3,2,4,5,5,4,5,5,5,3,4,4,4,7,3,3,4,4,3,5,5,4,5,3,4,2,4,4,4,4,4,4,4,4,3,4,4,5,5,5,3,4,4,4,4,3,January
166,1,19,1,4,1,1,1,5,4,4,4,7,4,4,5,7,7,7,7,7,5,7,4,7,7,7,7,7,7,7,4,4,7,4,4,4,1,1,3,1,1,1,4,4,4,4,2,6,7,7,7,7,January
167,4,21,0,2,1,3,4,3,6,6,6,5,7,7,7,4,5,7,5,7,5,4,6,7,7,5,7,7,6,6,6,4,4,7,7,7,7,5,5,7,7,7,7,7,7,7,3,5,5,5,5,5,January
168,2,19,1,2,1,1,4,5,5,5,6,4,5,4,7,5,5,5,5,7,5,5,5,6,6,3,5,5,4,5,6,4,3,5,4,4,5,5,7,5,5,5,6,6,6,6,3,5,5,5,5,5,January
169,4,21,1,1,1,1,5,2,7,5,3,5,6,6,3,4,7,6,6,4,6,3,5,4,7,1,6,4,3,5,6,2,6,4,5,5,3,3,7,4,7,7,7,7,5,7,2,6,6,7,5,6,January
170,4,21,0,2,1,3,5,4,4,5,6,4,5,7,6,4,4,3,3,3,3,3,4,5,6,3,5,7,5,4,5,5,4,6,4,7,2,2,2,6,4,5,6,6,6,6,3,5,5,5,5,4,January
171,1,23,1,1,1,5,2,2,3,1,1,3,4,4,5,2,3,2,3,3,3,3,3,1,3,2,2,4,3,3,3,3,3,3,3,3,3,3,3,3,3,3,3,3,3,3,2,3,3,3,3,3,January
172,1,19,0,5,1,1,1,5,4,6,6,6,3,2,1,6,2,7,6,7,6,5,4,4,5,3,5,6,6,4,2,5,5,4,4,4,6,5,6,2,2,2,5,5,5,5,3,5,5,6,5,2,January
173,2,19,1,3,1,4,2,3,6,6,4,5,5,4,4,5,5,5,5,5,5,5,5,5,5,5,5,5,5,5,5,5,5,5,5,5,5,5,5,4,4,4,4,4,4,4,2,5,5,5,4,4,January
174,4,20,1,1,1,4,5,2,4,2,6,7,4,4,4,5,7,5,7,7,1,7,4,3,7,1,1,5,4,7,5,7,6,6,4,4,1,1,1,5,5,5,7,7,7,7,3,1,1,7,1,1,January
175,4,19,0,5,1,5,5,5,7,7,7,4,4,7,7,5,7,7,5,5,5,5,5,4,5,3,5,4,7,5,4,5,7,5,6,6,5,7,7,7,7,7,5,7,6,6,2,4,4,4,4,4,January
176,1,21,1,1,1,3,1,5,4,5,3,5,6,6,4,6,5,5,5,6,3,4,4,5,6,4,5,5,5,5,5,4,4,7,6,7,5,3,2,5,5,3,5,5,5,5,3,5,5,6,6,2,January
177,1,20,0,4,2,2,1,2,5,5,6,6,4,5,5,6,6,6,6,5,3,4,6,3,5,3,4,3,3,4,4,5,4,4,4,5,4,4,4,4,6,5,5,5,5,5,3,5,6,6,6,6,January
178,4,21,0,1,1,1,5,5,7,4,6,4,2,4,5,4,5,4,3,7,2,4,4,2,7,2,7,5,6,7,6,3,3,6,5,5,5,5,4,5,5,5,7,7,5,7,3,7,7,7,7,7,January
179,1,19,1,1,1,1,1,5,5,3,3,4,3,4,4,5,5,4,4,5,4,4,4,4,5,2,4,5,4,5,3,4,3,4,4,2,3,3,3,2,4,2,5,4,5,5,2,3,3,3,4,4,January
180,2,19,1,3,1,1,4,5,6,5,5,6,5,7,7,6,7,6,7,7,7,7,7,4,6,6,6,6,5,7,7,6,6,7,6,7,5,4,7,6,7,7,7,7,7,7,3,6,6,7,7,7,January
181,2,20,1,3,1,1,3,3,3,3,3,3,3,3,3,3,3,2,3,2,2,3,2,3,2,3,3,2,3,2,3,3,2,3,3,3,2,1,3,2,2,2,3,3,3,3,3,3,3,3,3,3,January
182,4,23,0,4,1,1,5,4,4,5,4,6,1,5,6,5,5,4,3,6,3,3,4,5,6,2,4,6,5,5,4,3,6,6,6,6,5,5,5,4,4,4,5,5,6,5,3,5,6,7,6,7,January
183,4,19,0,1,1,4,5,4,7,7,2,7,5,7,7,7,6,7,7,7,7,3,7,5,5,1,7,3,4,3,3,7,7,7,7,7,7,7,4,7,7,7,7,7,7,7,3,5,5,6,2,6,January
184,4,19,1,1,1,4,5,4,2,6,3,6,5,6,7,7,6,6,4,5,4,6,5,5,7,3,5,5,6,6,7,6,6,6,4,5,2,1,3,3,4,3,3,5,4,5,3,6,6,6,7,6,January
185,4,21,1,1,1,1,5,4,7,7,6,6,7,7,7,6,6,6,6,7,6,6,6,5,6,5,6,4,5,6,4,5,2,5,5,6,6,6,6,6,6,6,7,7,7,7,3,6,6,7,7,6,January
186,4,19,1,1,1,4,4,3,6,4,2,4,4,6,5,5,6,5,4,6,6,6,5,6,5,3,5,4,5,3,4,4,6,5,6,5,5,6,6,5,5,5,5,5,5,5,3,5,5,4,4,5,January
187,4,21,0,1,3,4,4,2,5,5,3,2,5,7,7,5,6,6,7,7,7,6,5,6,5,5,6,6,6,5,5,5,4,5,5,5,5,5,4,4,6,4,4,5,5,5,2,6,6,7,6,5,January
188,1,20,0,5,1,1,2,2,6,6,5,5,4,6,6,6,7,4,4,6,4,2,3,2,5,5,6,3,5,6,2,2,5,6,6,6,6,5,1,3,5,1,7,6,7,2,3,6,6,7,7,6,January
189,1,20,0,1,1,5,2,5,5,5,6,5,6,5,6,7,7,6,6,6,5,5,5,6,6,5,6,7,6,6,4,4,4,7,5,4,6,5,5,5,6,6,4,4,6,4,2,5,6,6,6,6,January
190,4,27,0,2,1,1,5,4,6,6,5,5,5,6,6,4,5,5,5,5,5,5,5,5,7,5,5,7,4,7,5,5,3,5,5,5,5,5,4,5,5,5,7,7,6,7,3,5,6,7,6,6,January
191,1,19,1,1,1,1,2,5,4,5,5,4,5,2,5,5,5,5,5,5,4,4,4,4,5,5,5,5,4,4,4,4,4,4,4,5,4,4,3,4,4,5,4,4,4,4,3,4,4,5,5,5,January
192,2,23,1,1,1,5,5,3,4,3,6,4,4,5,6,5,6,5,4,6,4,4,4,3,4,5,4,6,5,5,6,5,3,4,4,3,3,3,3,2,3,1,5,4,4,4,2,2,2,2,2,6,January
193,4,21,1,2,1,3,5,3,4,3,3,3,4,4,4,4,4,2,4,7,4,3,3,3,3,4,2,5,4,4,4,4,3,3,4,4,3,4,4,2,2,2,4,4,4,4,3,3,3,4,4,3,January
194,4,20,0,1,1,3,3,3,6,7,7,7,7,7,7,7,7,7,7,4,5,6,7,7,7,1,4,7,6,4,3,4,4,5,5,5,5,5,5,5,5,4,7,7,7,7,3,6,6,6,6,6,January
195,4,19,1,1,1,1,5,5,5,6,6,7,6,7,6,7,7,7,5,6,6,3,3,4,7,2,6,5,6,6,4,4,6,6,6,6,4,4,7,6,4,7,7,6,6,6,3,5,6,6,6,6,January
196,4,19,1,1,1,3,5,4,6,7,4,7,7,7,4,6,6,7,7,7,7,3,7,2,3,1,6,4,3,3,2,5,7,7,7,7,6,7,7,7,7,7,7,7,7,7,3,4,6,6,7,5,January
197,1,19,1,1,1,4,2,3,5,5,6,6,6,7,7,7,6,4,5,7,6,6,6,6,7,5,5,5,6,6,6,6,6,4,4,4,3,3,2,4,4,4,7,6,6,6,3,5,5,5,5,5,January
198,4,20,1,1,1,2,5,5,5,4,4,4,5,5,7,6,5,5,5,4,4,4,4,4,4,4,4,4,5,4,4,5,5,6,6,6,6,5,5,5,5,5,6,6,6,5,2,5,5,5,5,5,January
199,4,22,1,2,1,2,5,5,5,5,4,5,5,4,4,3,3,4,3,6,5,5,4,3,5,2,5,2,4,3,7,5,4,3,3,3,6,5,4,2,4,4,4,3,3,3,2,4,4,5,6,3,January
200,1,20,0,1,5,5,1,1,3,4,3,4,5,3,5,3,5,4,4,4,4,3,4,4,5,4,5,4,4,4,3,6,4,5,5,4,4,4,2,2,4,2,5,3,4,3,3,6,6,6,7,5,January
201,1,21,1,5,1,1,2,5,4,4,3,4,4,4,4,4,4,4,4,5,3,4,4,4,4,4,4,4,4,4,1,4,4,2,2,2,2,2,2,2,2,3,2,3,2,2,2,5,5,5,5,4,January
202,3,21,1,1,1,3,2,2,3,2,2,2,3,5,5,3,3,3,4,5,4,3,3,4,4,3,2,4,3,4,3,3,4,4,3,3,3,3,5,3,4,3,4,4,4,4,2,3,4,4,3,5,January
203,1,20,0,4,1,2,2,3,4,2,3,4,4,3,4,6,6,6,6,6,4,4,5,3,4,4,5,4,3,5,4,4,4,3,3,4,3,3,4,4,4,4,4,4,4,4,2,5,5,5,5,4,January
204,4,19,1,2,1,1,5,5,5,5,5,5,5,4,4,4,4,6,4,4,4,4,4,5,7,5,5,5,7,6,5,5,4,3,6,6,5,5,5,6,5,5,6,6,6,6,3,5,5,5,5,4,January
205,1,20,0,3,1,4,2,5,5,5,4,4,5,5,5,5,5,5,5,6,5,5,5,6,7,4,7,6,6,6,5,4,5,5,5,6,5,4,7,4,6,5,6,6,5,5,2,5,5,5,5,5,January
206,3,21,1,2,1,1,3,3,4,4,3,4,5,5,6,5,4,5,4,3,2,3,4,5,5,3,4,6,6,6,4,3,4,4,6,5,3,4,5,3,3,3,6,5,4,6,3,6,6,6,5,4,January
207,4,22,1,2,1,1,4,5,5,5,6,5,4,6,3,4,3,2,4,1,4,2,3,4,6,1,3,3,1,3,2,1,2,5,5,5,2,1,2,2,4,4,4,4,7,5,3,3,3,5,5,3,January
208,4,26,1,2,1,1,5,1,7,4,6,4,3,7,7,2,7,3,5,6,7,4,5,5,6,6,7,6,2,5,2,5,3,2,3,2,3,3,6,2,4,4,5,5,5,5,2,6,5,7,7,7,January
209,1,22,0,1,1,4,1,3,5,3,6,2,3,5,6,5,4,3,4,4,4,4,4,2,6,5,6,4,4,3,3,2,4,5,5,5,1,1,1,3,5,3,6,6,6,4,2,4,5,4,3,2,January
210,4,19,1,2,1,1,5,5,6,5,3,4,3,6,6,2,4,3,4,7,4,4,4,4,6,3,5,6,3,6,1,4,2,4,4,4,4,4,5,4,4,4,4,4,4,4,3,6,6,6,6,4,January
211,1,21,1,1,1,5,1,2,6,5,6,6,6,6,6,6,6,4,5,6,6,5,5,3,5,5,5,6,5,5,5,5,5,4,4,4,4,4,4,4,5,5,6,6,6,6,3,6,4,5,7,5,January
212,4,19,0,1,1,1,5,4,3,6,4,7,3,7,7,5,6,6,7,3,3,4,5,6,6,5,6,5,3,6,6,2,5,6,6,6,7,7,7,6,7,6,7,7,7,5,2,4,4,4,5,7,January
213,1,27,1,1,1,5,3,2,4,5,5,5,3,5,5,5,4,5,4,5,4,4,4,1,7,4,3,4,3,4,2,4,4,3,3,4,7,7,7,6,7,7,4,4,6,3,2,5,5,5,4,5,January
214,4,23,1,2,1,1,5,4,6,6,6,5,6,6,7,4,5,4,6,5,4,5,5,4,4,6,4,5,4,5,4,4,4,5,4,4,5,4,4,4,5,5,5,5,5,5,2,4,4,4,5,5,January
215,1,21,1,4,1,4,2,5,6,5,7,5,6,4,6,4,6,6,5,7,5,5,4,3,5,2,5,6,1,4,4,3,6,7,7,5,4,3,2,2,4,2,7,7,7,7,3,6,7,7,7,2,January
216,4,30,1,1,1,1,4,4,2,5,6,5,4,3,7,5,7,6,4,7,6,4,5,6,2,1,3,7,5,6,1,4,4,6,6,6,7,7,7,6,7,6,7,7,7,7,3,5,5,6,4,3,January
217,4,24,0,3,1,4,5,3,5,4,4,6,3,5,6,6,6,6,4,3,1,1,3,4,6,1,3,1,1,2,3,3,3,4,4,4,4,4,4,4,2,2,4,3,4,4,2,3,5,5,5,5,January
218,1,20,1,1,1,5,2,1,6,6,4,5,5,6,7,4,6,3,6,6,4,5,5,4,4,4,6,3,5,5,2,4,3,4,4,4,3,4,2,3,3,5,7,7,7,7,3,6,6,6,6,6,January
219,1,19,1,1,1,1,2,5,5,6,5,4,4,3,4,6,6,6,6,4,3,5,3,5,6,7,6,4,4,4,4,4,4,5,5,5,4,4,5,4,4,4,5,5,5,5,2,6,5,5,3,4,January
220,4,22,0,4,1,1,4,4,4,4,2,4,5,4,4,1,2,2,3,7,5,4,4,4,7,6,7,7,4,6,2,4,4,5,5,4,5,5,3,5,5,5,4,4,4,4,2,5,5,6,6,3,January
221,4,21,1,1,1,1,5,5,6,6,5,4,4,6,6,5,6,5,5,6,4,5,4,5,6,2,5,3,4,5,4,4,6,4,4,5,5,5,5,5,5,5,5,5,5,5,3,6,6,6,5,4,January
222,1,20,0,5,1,1,1,5,7,7,7,7,7,7,7,7,7,7,7,7,5,7,5,4,7,4,6,3,5,7,7,7,7,5,5,6,7,7,5,7,7,1,7,7,7,7,3,7,3,4,1,1,January
223,4,19,1,1,1,3,3,3,4,4,2,3,4,5,5,5,6,5,5,7,5,5,5,4,6,3,3,5,4,5,5,5,6,5,5,3,4,5,2,3,5,4,6,5,3,5,2,5,5,5,5,4,January
224,1,21,0,1,1,2,2,5,6,5,6,4,6,5,6,6,7,7,5,7,4,4,4,5,7,5,6,7,6,4,4,4,6,4,4,4,5,6,5,5,3,3,5,5,5,5,2,5,6,6,6,6,January
225,1,32,1,1,1,5,3,1,4,1,2,2,2,1,1,1,3,2,2,4,2,3,2,1,1,1,3,2,4,4,5,3,4,2,1,1,1,1,1,1,1,1,7,6,3,7,1,4,4,4,4,4,January
226,1,21,1,1,1,1,2,5,4,6,4,5,5,6,5,5,6,6,5,5,4,3,3,5,5,2,5,6,5,4,3,5,5,5,6,6,2,2,3,4,4,4,3,4,4,4,2,5,6,6,4,4,January
227,4,22,0,3,1,3,5,5,4,4,3,3,5,4,5,2,5,4,5,2,3,4,3,4,2,2,4,4,2,2,2,1,1,2,2,2,4,3,7,3,3,3,5,5,4,4,3,4,6,6,4,5,January
228,2,20,0,1,1,1,2,5,6,6,6,6,6,6,6,6,6,4,5,7,5,4,5,6,6,4,5,6,5,6,6,5,6,4,4,4,5,5,5,4,4,4,6,6,6,6,2,6,6,6,6,6,January
229,1,20,1,3,1,1,3,5,3,3,4,4,5,5,4,5,5,4,5,4,4,3,5,4,6,5,5,6,4,4,5,5,4,3,3,3,3,3,3,3,3,1,5,5,5,2,3,4,4,5,3,3,January
230,4,20,0,1,1,4,5,4,5,6,2,6,6,7,7,5,6,6,6,7,6,6,6,5,7,7,6,7,5,6,6,5,6,6,6,6,7,7,6,5,6,6,7,7,7,7,3,6,6,6,6,7,January
231,4,20,1,1,1,1,5,3,4,3,3,5,3,5,5,5,5,4,4,5,4,3,5,4,6,4,5,5,5,4,5,4,5,5,4,4,4,4,5,4,4,3,5,5,6,5,3,5,5,5,5,5,January
232,4,21,1,1,1,2,5,3,4,4,5,4,4,5,5,3,5,3,4,4,4,4,4,3,6,3,5,6,3,6,4,4,5,5,5,5,4,4,5,5,5,5,4,4,5,5,3,2,2,2,2,2,January
233,4,19,0,4,1,2,4,3,5,5,6,7,3,7,7,4,7,4,4,7,4,7,7,4,7,1,7,7,7,7,7,4,7,7,7,7,4,5,7,4,7,3,7,7,7,5,3,7,7,7,7,4,January
234,4,21,1,2,1,2,5,3,6,6,6,6,3,5,6,6,5,6,5,3,4,4,4,3,5,6,6,7,5,4,6,6,6,2,6,6,5,6,6,4,6,6,7,7,7,7,3,4,5,6,4,6,January
235,1,20,1,5,1,1,1,4,5,5,6,5,4,6,4,6,6,5,6,5,6,6,6,5,7,6,6,7,5,5,4,5,6,5,5,6,5,4,4,4,5,5,6,6,6,6,3,4,2,3,2,3,January
236,4,20,1,1,1,2,4,3,4,4,3,4,4,4,4,3,3,3,3,4,3,3,3,3,4,3,4,4,4,4,3,4,4,4,4,4,4,4,6,5,5,5,5,4,4,5,3,4,4,4,4,4,January
237,4,19,0,1,1,1,4,5,5,4,2,4,2,4,5,4,3,2,5,7,4,1,2,4,1,2,3,6,3,4,6,3,1,4,5,6,1,1,7,6,6,6,7,7,7,7,3,1,2,5,2,6,January
238,4,21,1,3,1,1,5,4,4,3,3,2,3,5,5,4,4,3,3,5,5,4,4,4,4,6,6,7,5,6,7,4,5,3,3,3,4,4,5,4,5,5,5,5,5,5,3,5,4,5,4,3,January
239,4,20,0,1,1,3,3,1,4,6,3,4,4,6,5,6,7,7,6,6,4,5,6,6,3,6,5,5,4,2,1,4,5,6,6,6,6,6,7,6,5,4,5,5,6,6,3,4,5,6,6,6,January
240,4,21,1,1,1,4,4,3,4,5,3,5,4,3,4,5,5,6,4,5,4,3,4,4,7,3,5,5,2,4,4,3,5,7,6,7,6,6,6,6,2,2,4,4,4,3,2,6,6,7,6,5,January
241,4,19,1,1,1,4,4,2,7,5,4,7,7,7,7,5,6,6,7,7,7,7,7,2,1,5,5,7,3,6,3,3,5,6,3,5,5,5,5,4,4,2,4,4,4,4,3,2,3,4,2,4,January
242,4,19,1,1,1,4,4,3,7,5,4,6,7,7,7,5,6,5,6,6,6,6,6,5,1,3,2,5,2,6,6,4,4,6,6,6,6,6,5,5,4,2,6,6,5,6,3,3,4,3,5,3,January
243,4,20,1,3,1,3,3,2,6,6,4,6,6,4,6,5,6,6,6,6,6,6,6,6,6,6,6,6,6,6,3,6,6,6,6,6,6,6,4,5,6,5,6,6,6,6,3,6,6,6,6,5,January
244,4,20,1,1,1,1,5,3,4,3,2,4,2,4,2,3,5,2,2,6,3,3,5,3,4,2,3,3,4,3,4,4,3,4,3,4,1,1,1,3,3,4,4,4,4,4,3,3,3,3,3,3,January
245,4,21,0,1,1,2,5,3,6,3,2,6,4,6,6,3,7,4,6,1,4,4,5,2,6,1,3,7,2,3,5,4,4,3,3,2,4,4,4,1,3,2,5,4,6,3,2,6,7,7,6,7,January
246,2,19,0,3,1,1,5,4,6,6,6,7,6,7,6,6,6,5,6,7,2,5,5,6,6,6,4,4,5,6,5,4,7,4,4,4,5,5,6,2,5,1,4,4,4,4,3,6,7,7,6,6,January
247,1,19,1,1,1,5,3,2,4,5,7,3,5,6,6,5,5,7,4,3,1,1,6,3,1,1,1,1,2,1,1,4,4,4,3,2,3,1,1,2,3,1,7,7,2,7,3,4,4,4,4,4,January
248,1,20,0,5,1,1,1,1,4,4,7,4,4,6,7,7,7,7,7,6,4,4,4,7,7,4,7,7,7,7,7,4,4,4,4,4,5,5,1,4,4,4,7,7,7,7,3,5,7,7,5,4,January
249,4,21,0,3,1,1,5,3,3,4,4,4,5,5,5,4,5,5,5,5,5,4,4,4,5,4,4,4,4,4,4,4,4,4,4,4,3,3,4,3,3,3,3,3,3,4,2,4,4,4,4,4,January
250,2,20,0,1,1,2,4,4,5,6,5,6,6,6,4,7,5,3,3,7,5,5,5,5,5,3,5,5,7,4,7,5,5,6,6,6,5,5,2,6,6,6,5,5,5,5,3,4,4,5,5,5,January
251,1,19,1,1,1,1,3,5,7,7,7,7,7,7,7,7,7,6,7,7,6,7,7,7,7,6,6,7,6,6,6,6,6,6,7,6,7,5,6,6,6,4,6,6,5,5,2,7,7,7,7,7,January
252,2,18,0,1,1,1,3,5,5,4,6,5,4,6,6,3,4,4,3,6,4,4,5,5,7,5,6,7,4,4,5,4,5,4,4,4,4,5,5,4,5,4,6,4,4,4,2,5,5,6,6,5,January
253,4,23,0,1,1,3,5,5,4,4,6,5,3,4,4,4,4,2,4,4,4,3,7,2,7,2,3,5,1,6,6,1,3,2,2,1,1,2,4,1,5,7,3,3,1,6,2,3,5,5,5,1,January
254,1,19,0,2,1,5,2,3,5,5,2,6,6,7,7,4,6,3,2,7,4,6,7,4,4,4,4,5,3,5,5,5,5,4,4,4,3,3,3,3,3,3,3,3,3,3,3,3,3,3,3,3,January
255,4,32,1,1,1,4,3,2,4,4,4,4,4,4,4,4,4,4,4,4,3,4,4,1,1,1,2,3,4,3,4,4,4,3,3,3,4,4,4,4,4,4,4,4,4,4,3,4,4,4,4,2,January
256,1,20,0,2,1,2,1,5,6,6,6,6,6,5,5,6,6,6,5,7,3,4,4,6,7,3,4,3,5,4,5,3,4,4,6,5,3,2,5,3,5,4,7,7,7,7,3,5,6,6,6,6,January
257,1,21,0,1,1,1,2,5,5,5,2,3,3,5,5,3,5,4,7,7,5,5,5,6,5,5,5,5,4,4,4,4,4,4,4,4,7,7,4,1,5,1,7,7,7,7,3,5,5,6,5,3,January
258,4,20,0,3,1,2,4,2,6,6,5,6,6,5,6,5,6,3,6,5,5,3,5,6,6,2,6,7,5,5,4,4,5,5,5,5,5,4,6,5,3,4,7,7,5,7,3,5,5,6,5,5,January
259,1,30,0,1,1,1,1,5,7,6,6,5,6,7,6,7,6,6,4,7,1,4,6,4,7,1,7,7,4,5,7,4,7,6,6,2,2,2,7,2,6,2,2,4,7,7,3,4,5,5,4,7,January
260,2,19,1,1,1,3,2,3,2,4,3,2,4,6,4,3,5,2,4,6,4,4,4,4,5,2,4,6,6,5,2,2,3,2,2,2,3,1,2,1,1,2,4,4,4,4,2,5,5,5,5,5,January
261,4,20,0,4,1,4,4,2,4,3,2,3,2,4,4,5,5,5,4,5,4,3,5,5,5,4,3,2,4,4,4,3,3,4,4,4,3,3,4,1,2,2,5,5,4,5,2,5,5,6,6,6,January
262,4,20,1,1,1,4,5,3,6,3,6,6,6,5,5,5,5,3,3,3,4,4,4,1,5,3,4,5,3,4,4,3,3,3,3,3,5,5,5,3,3,3,4,4,4,4,3,4,4,4,3,7,January
263,4,21,0,1,1,1,5,4,5,5,7,7,5,4,5,5,5,5,5,5,5,5,5,4,5,5,4,4,4,4,4,4,4,5,5,5,4,3,4,5,4,4,4,5,4,5,2,4,5,4,5,4,January
264,4,19,0,3,1,2,4,2,5,6,5,3,7,6,6,5,7,5,7,5,7,4,6,7,7,4,7,7,7,7,5,4,3,4,4,4,6,6,7,7,5,6,6,6,7,7,3,4,5,7,6,3,January
265,4,19,1,2,1,2,4,5,3,3,3,4,4,5,5,2,3,3,3,6,5,4,3,2,4,2,2,2,1,3,4,1,3,3,3,3,2,2,4,1,4,2,4,4,5,5,2,6,6,6,6,5,January
266,4,19,0,3,1,1,5,5,5,5,2,5,1,6,6,5,6,4,4,5,5,4,4,6,7,4,7,7,7,7,7,4,2,5,3,4,5,6,6,5,5,5,7,7,4,4,2,5,5,6,7,5,January
267,1,19,0,1,1,2,2,5,6,6,6,6,4,6,4,5,4,4,4,1,4,4,4,4,4,6,4,6,5,6,4,4,4,4,4,4,2,3,2,4,4,4,5,5,5,5,2,2,4,2,2,3,January
268,2,20,1,1,1,1,2,5,6,6,6,5,7,6,6,4,6,6,5,7,6,5,6,5,6,5,6,7,6,7,6,6,6,6,6,6,7,6,5,5,5,3,6,6,7,6,3,5,5,5,4,5,January
269,1,23,1,1,3,5,2,2,6,5,3,5,5,7,5,4,6,6,5,7,5,3,6,5,6,6,6,6,4,5,5,5,5,5,5,5,4,4,2,3,3,3,1,2,5,2,3,5,6,5,5,2,January
270,4,20,1,1,1,1,5,2,6,6,6,4,7,6,5,4,7,6,5,7,6,1,5,5,7,5,6,7,6,6,5,5,4,4,4,4,4,5,6,4,6,4,6,6,6,6,3,4,3,4,3,5,January
271,1,21,0,1,1,4,2,3,4,3,4,3,3,4,3,3,2,2,2,3,3,3,3,2,2,4,3,3,2,2,2,2,2,3,3,3,3,2,2,2,2,2,2,2,3,2,2,2,3,2,3,2,January
272,1,22,1,1,1,1,1,5,5,5,7,7,7,7,7,6,6,6,6,6,5,6,6,6,6,6,5,7,6,6,6,6,6,5,5,5,5,5,6,5,5,4,6,6,6,6,2,7,7,7,7,7,January
